{"content":[{"id":"2b8d55f","settings":{"custom_height":{"unit":"vh","size":33,"sizes":[]},"custom_height_tablet":{"unit":"em","size":"","sizes":[]},"custom_height_mobile":{"unit":"em","size":0,"sizes":[]},"layout":"full_width","overflow":"hidden","background_background":"classic","background_image":{"id":17,"url":"http:\/\/automacoesmagneticas.com.br\/wp-content\/uploads\/2023\/09\/bg-1-2.jpg"},"background_position":"top center","background_attachment":"scroll","background_repeat":"no-repeat","background_size":"contain","background_overlay_background":"classic","background_overlay_image":{"id":18,"url":"http:\/\/automacoesmagneticas.com.br\/wp-content\/uploads\/2023\/09\/BGOVERLAY.png"},"background_overlay_position":"bottom center","background_overlay_attachment":"scroll","background_overlay_repeat":"no-repeat","background_overlay_size":"initial","background_overlay_opacity":{"unit":"px","size":1,"sizes":[]},"padding_mobile":{"unit":"px","top":"222","right":"0","bottom":"30","left":"0","isLinked":false},"background_overlay_color_stop":{"unit":"%","size":11,"sizes":[]},"background_overlay_color_b":"#000000","background_overlay_color_b_stop":{"unit":"%","size":26,"sizes":[]},"background_image_mobile":{"url":"https:\/\/lp.ltvinsider.com.br\/wp-content\/uploads\/2023\/08\/mb-bg-1.jpg","id":1351,"size":"","alt":"","source":"library"},"margin":{"unit":"px","top":"0","right":0,"bottom":"0","left":0,"isLinked":false},"padding":{"unit":"px","top":"0","right":"0","bottom":"0","left":"0","isLinked":false}},"elements":[{"id":"210d1621","settings":{"_column_size":100,"_inline_size":null,"padding":{"unit":"px","top":"0","right":"0","bottom":"0","left":"0","isLinked":true},"margin":{"unit":"px","top":"0","right":"0","bottom":"0","left":"0","isLinked":true}},"elements":[{"id":"1d21ab3d","settings":{"structure":"20","margin":{"unit":"%","top":"8","right":0,"bottom":"0","left":0,"isLinked":false},"height_inner":"min-height","custom_height_inner":{"unit":"vh","size":70,"sizes":[]},"custom_height_inner_tablet":{"unit":"vh","size":"","sizes":[]},"custom_height_inner_mobile":{"unit":"vh","size":"","sizes":[]},"margin_tablet":{"unit":"%","top":"","right":"","bottom":"","left":"","isLinked":true},"margin_mobile":{"unit":"%","top":"0","right":0,"bottom":"0","left":0,"isLinked":true},"padding_mobile":{"unit":"px","top":"0","right":"10","bottom":"10","left":"10","isLinked":false},"reverse_order_mobile":"reverse-mobile","_element_id":"cadastro"},"elements":[{"id":"59e1e624","settings":{"_column_size":50,"_inline_size":null,"content_position":"center","z_index_mobile":2,"border_radius":{"unit":"px","top":"20","right":"20","bottom":"20","left":"20","isLinked":true},"custom_css":"selector{\n    \/* From https:\/\/css.glass *\/\nbackground: rgba(0, 0, 0, 0.2);\nborder-radius: 16px;\nbox-shadow: 0 4px 30px rgba(0, 0, 0, 0.1);\nbackdrop-filter: blur(8.6px);\n-webkit-backdrop-filter: blur(8.6px);\nborder: 1px solid rgba(0, 0, 0, 0.3);\n}","margin_mobile":{"unit":"px","top":"0","right":"0","bottom":"0","left":"0","isLinked":false},"padding":{"unit":"px","top":"0","right":"25","bottom":"0","left":"25","isLinked":false},"padding_mobile":{"unit":"px","top":"0","right":"0","bottom":"0","left":"0","isLinked":false}},"elements":[{"id":"4eafba53","settings":{"title":"<b>Imers\u00e3o - Gestor de Automa\u00e7\u00e3o -  <span style=\"   color: #00DDFF; \n\">20\/09<\/span><\/b>","title_color":"#FFFFFF","typography_typography":"custom","typography_font_family":"Sora","typography_font_size":{"unit":"px","size":18,"sizes":[]},"typography_font_weight":"200","align_mobile":"center","typography_font_size_mobile":{"unit":"px","size":12,"sizes":[]},"header_size":"h5"},"elements":[],"isInner":false,"widgetType":"heading","elType":"widget"},{"id":"76144c69","settings":{"title":"<b>Aprenda a Fazer Pelo Menos 10k Por M\u00eas Implementando <span style=\"   color: #00DDFF; \n\">ChatBots<\/span> Atrav\u00e9s do Instagram, Facebook e WhatsApp<\/b>","title_color":"#FFFFFF","typography_typography":"custom","typography_font_family":"Sora","typography_font_size":{"unit":"px","size":36,"sizes":[]},"typography_font_weight":"200","align_mobile":"center","typography_font_size_mobile":{"unit":"px","size":24,"sizes":[]}},"elements":[],"isInner":false,"widgetType":"heading","elType":"widget"},{"id":"33176770","settings":{"title":"Seja o profissional mais Requisitado do Mercado Digital. Aprenda a automatizar o Instagram, WhatsApp e Facebook Messager","title_color":"#FFFFFF","typography_typography":"custom","typography_font_family":"Sora","typography_font_size":{"unit":"px","size":18,"sizes":[]},"typography_font_weight":"400","typography_line_height":{"unit":"em","size":1.25,"sizes":[]},"align_mobile":"center","typography_font_size_mobile":{"unit":"px","size":12,"sizes":[]}},"elements":[],"isInner":false,"widgetType":"heading","elType":"widget"},{"id":"34cb1d43","settings":{"form_name":"Novo formul\u00e1rio","form_fields":[{"custom_id":"name","placeholder":"Nome","dynamic":{"active":true},"_id":"f356b15","field_label":"Nome","previous_button":"","next_button":"","file_sizes":"","file_types":"","allow_multiple_upload":"","max_files":"","acceptance_text":"","checked_by_default":"","field_min":"","field_max":"","min_date":"","max_date":"","use_native_date":"","use_native_time":""},{"custom_id":"email","field_type":"email","required":"true","placeholder":"Seu Melhor E-mail","_id":"4ad3e43","field_label":"E-mail","previous_button":"","next_button":"","file_sizes":"","file_types":"","allow_multiple_upload":"","max_files":"","acceptance_text":"","checked_by_default":"","field_min":"","field_max":"","min_date":"","max_date":"","use_native_date":"","use_native_time":""},{"custom_id":"wpp","field_type":"tel","required":"true","placeholder":"WhatsApp (DDD + Telefone)","_id":"fa61cdf","field_label":"wpp","previous_button":"","next_button":"","file_sizes":"","file_types":"","allow_multiple_upload":"","max_files":"","acceptance_text":"","checked_by_default":"","field_min":"","field_max":"","min_date":"","max_date":"","use_native_date":"","use_native_time":""},{"custom_id":"utm_source","field_type":"hidden","required":"true","placeholder":"WhatsApp (DDD + Telefone)","field_label":"utm_source","_id":"be4c791","__dynamic__":{"field_value":"[elementor-tag id=\"d7407f0\" name=\"request-arg\" settings=\"%7B%22param_name%22%3A%22utm_source%22%7D\"]"},"previous_button":"","next_button":"","file_sizes":"","file_types":"","allow_multiple_upload":"","max_files":"","acceptance_text":"","checked_by_default":"","field_min":"","field_max":"","min_date":"","max_date":"","use_native_date":"","use_native_time":""},{"custom_id":"utm_medium","field_type":"hidden","required":"true","placeholder":"WhatsApp (DDD + Telefone)","field_label":"utm_medium","__dynamic__":{"field_value":"[elementor-tag id=\"d7407f0\" name=\"request-arg\" settings=\"%7B%22param_name%22%3A%22utm_medium%22%7D\"]"},"_id":"f9d36af","previous_button":"","next_button":"","file_sizes":"","file_types":"","allow_multiple_upload":"","max_files":"","acceptance_text":"","checked_by_default":"","field_min":"","field_max":"","min_date":"","max_date":"","use_native_date":"","use_native_time":""},{"custom_id":"utm_campaign","field_type":"hidden","required":"true","placeholder":"WhatsApp (DDD + Telefone)","field_label":"utm_campaign","__dynamic__":{"field_value":"[elementor-tag id=\"d7407f0\" name=\"request-arg\" settings=\"%7B%22param_name%22%3A%22utm_campaign%22%7D\"]"},"_id":"b285c86","previous_button":"","next_button":"","file_sizes":"","file_types":"","allow_multiple_upload":"","max_files":"","acceptance_text":"","checked_by_default":"","field_min":"","field_max":"","min_date":"","max_date":"","use_native_date":"","use_native_time":""},{"custom_id":"utm_content","field_type":"hidden","required":"true","placeholder":"WhatsApp (DDD + Telefone)","field_label":"utm_content","__dynamic__":{"field_value":"[elementor-tag id=\"d7407f0\" name=\"request-arg\" settings=\"%7B%22param_name%22%3A%22utm_content%22%7D\"]"},"_id":"206b1f0","previous_button":"","next_button":"","file_sizes":"","file_types":"","allow_multiple_upload":"","max_files":"","acceptance_text":"","checked_by_default":"","field_min":"","field_max":"","min_date":"","max_date":"","use_native_date":"","use_native_time":""}],"step_next_label":"Pr\u00f3ximo","step_previous_label":"Anterior","button_text":"SIM! QUERO SER UM GESTOR DE AUTOMA\u00c7\u00c3O","email_content":"[all-fields]","email_content_2":"[all-fields]","success_message":"Your submission was successful.","error_message":"Your submission failed because of an error.","server_message":"Your submission failed because of a server error.","invalid_message":"Your submission failed because the form is invalid.","required_field_message":"Este campo \u00e9 obrigat\u00f3rio.","column_gap":{"unit":"px","size":"","sizes":[]},"row_gap":{"unit":"px","size":12,"sizes":[]},"label_spacing":{"unit":"px","size":"","sizes":[]},"html_spacing":{"unit":"px","size":"","sizes":[]},"html_color":"#000000","field_text_color":"#FFFFFF","field_background_color":"#003747","field_border_color":"#00DDFF","button_typography_typography":"custom","button_typography_font_family":"Sora","button_typography_font_size_mobile":{"unit":"px","size":11,"sizes":[]},"button_typography_font_weight":"700","button_background_color":"#00DDFF","button_text_color":"#000000","button_border_radius":{"unit":"px","top":"10","right":"10","bottom":"10","left":"10","isLinked":true},"button_text_padding":{"unit":"px","top":"20","right":"0","bottom":"20","left":"0","isLinked":false},"_margin_tablet":{"unit":"px","top":"0","right":"0","bottom":"0","left":"0","isLinked":true},"_padding_tablet":{"unit":"px","top":"0","right":"0","bottom":"0","left":"0","isLinked":true},"_element_width_tablet":"inherit","_element_custom_width_tablet":{"unit":"px","size":""},"_flex_align_self_tablet":"center","_flex_size":"none","_border_radius":{"unit":"px","top":"10","right":"10","bottom":"10","left":"10","isLinked":true},"_box_shadow_box_shadow_type":"yes","_box_shadow_box_shadow":{"horizontal":0,"vertical":0,"blur":10,"spread":0,"color":"rgba(3.882380020647134, 205.87974027495508, 255, 0.5)"},"submit_actions":["redirect","webhook","activecampaign"],"show_labels":"","webhooks":"https:\/\/hook.us1.make.com\/v1qd4dk60al646deldb9q2i6ygcy1q3s"},"elements":[],"isInner":false,"widgetType":"form","elType":"widget"}],"isInner":true,"elType":"column"},{"id":"1bef019c","settings":{"_column_size":50,"_inline_size":null,"content_position":"center","margin_mobile":{"unit":"px","top":"0","right":"0","bottom":"0","left":"0","isLinked":false},"padding_mobile":{"unit":"px","top":"0","right":"0","bottom":"0","left":"0","isLinked":false}},"elements":[],"isInner":true,"elType":"column"}],"isInner":true,"elType":"section"},{"id":"5790fe34","settings":{"layout":"full_width","margin":{"unit":"%","top":"0","right":0,"bottom":"0","left":0,"isLinked":true},"margin_tablet":{"unit":"%","top":"","right":"","bottom":"","left":"","isLinked":true},"margin_mobile":{"unit":"%","top":"10","right":0,"bottom":"0","left":0,"isLinked":false},"background_background":"classic","background_image_mobile":{"url":"","id":"","size":"","alt":"","source":"library"},"background_position_mobile":"center center","background_repeat_mobile":"no-repeat","background_size_mobile":"cover","background_image":{"url":"","id":"","size":"","alt":"","source":"library"}},"elements":[{"id":"15c8a87c","settings":{"_column_size":100,"_inline_size":null},"elements":[{"id":"c69356a","settings":{"title":"APRENDER","align":"right","align_mobile":"center","title_color":"#00FFF500","typography_typography":"custom","typography_font_family":"Poppins","typography_font_size":{"unit":"px","size":150,"sizes":[]},"typography_font_size_mobile":{"unit":"px","size":70,"sizes":[]},"typography_font_weight":"700","typography_text_transform":"uppercase","text_stroke_text_stroke_type":"yes","text_stroke_text_stroke":{"unit":"px","size":0.5,"sizes":[]},"text_stroke_stroke_color":"#00FFF578","_margin":{"unit":"px","top":"0","right":"0","bottom":"-100","left":"0","isLinked":false},"_margin_mobile":{"unit":"px","top":"0","right":"0","bottom":"-80","left":"0","isLinked":false},"_animation":"fadeInRight","_animation_mobile":"fadeInLeft","animation_duration":"slow","__globals__":{"text_stroke_stroke_color":""}},"elements":[],"isInner":false,"widgetType":"heading","elType":"widget"},{"id":"1c292be9","settings":{"content_width":{"unit":"px","size":800,"sizes":[]}},"elements":[{"id":"576d3092","settings":{"_column_size":100,"_inline_size":100},"elements":[{"id":"49e39086","settings":{"title":"O que voc\u00ea vai aprender?","align":"center","title_color":"#FFFFFF","typography_typography":"custom","typography_font_family":"Sora","typography_font_size":{"unit":"px","size":35,"sizes":[]},"typography_font_weight":"700"},"elements":[],"isInner":false,"widgetType":"heading","elType":"widget"},{"id":"3f849c32","settings":{"title":"<b>*<\/b> Criar <b>Chatbots automatizados<\/b> dentro do Instagram, WhatsApp e Facebook usando o <b>ManyChat<\/b>.<br><br><b>*<\/b> Estruturar DO ZERO automa\u00e7\u00f5es que qgeram <b>Leads<\/b> e <b>Vendas<\/b> no <b>Autom\u00e1tico<\/b>. <br><br><b>*<\/b> Descobrir os melhores nichos para se trabalhar, incluindo: <b>Produtos Digitais, Servi\u00e7os, E-commerce e Neg\u00f3cio Local.<\/b><br><br><b>*<\/b> Scripts de capta\u00e7\u00e3o de <b>Clientes 10k.<\/b>","title_color":"#FFFFFF","typography_typography":"custom","typography_font_family":"Sora","typography_font_size":{"unit":"px","size":26,"sizes":[]},"typography_font_weight":"300","typography_line_height":{"unit":"em","size":1.25,"sizes":[]},"align":"left","_element_width":"initial","_element_custom_width":{"unit":"%","size":100},"typography_font_size_mobile":{"unit":"px","size":18,"sizes":[]},"_flex_size":"none"},"elements":[],"isInner":false,"widgetType":"heading","elType":"widget"},{"id":"7c0ef70c","settings":[],"elements":[],"isInner":false,"widgetType":"spacer","elType":"widget"},{"id":"26112497","settings":{"text":"SIM! QUERO ASSISTIR","button_text_color":"#000000","background_color":"#00DDFF","typography_typography":"custom","typography_font_family":"Sora","typography_font_size":{"unit":"px","size":16,"sizes":[]},"typography_font_weight":"700","typography_text_transform":"uppercase","typography_letter_spacing":{"unit":"px","size":0.8,"sizes":[]},"hover_color":"#FFFFFF","hover_animation":"grow","border_radius":{"unit":"px","top":"8","right":"8","bottom":"8","left":"8","isLinked":true},"button_box_shadow_box_shadow_type":"yes","button_box_shadow_box_shadow":{"horizontal":-5,"vertical":20,"blur":40,"spread":-15,"color":"#00DDFF"},"text_padding":{"unit":"px","top":"20","right":"30","bottom":"20","left":"30","isLinked":false},"__globals__":{"background_color":"","hover_color":""},"align_mobile":"center","_z_index_mobile":2,"__dynamic__":[],"link":{"url":"#cadastro","is_external":"","nofollow":"","custom_attributes":""},"align":"center"},"elements":[],"isInner":false,"widgetType":"button","elType":"widget"},{"id":"73c310b6","settings":{"title":"<b>Imers\u00e3o - Gestor de Automa\u00e7\u00e3o -  <span style=\"   color: #00DDFF; \n\">20 de Setembro - Ao Vivo<\/span><\/b>","title_color":"#FFFFFF","typography_typography":"custom","typography_font_family":"Sora","typography_font_size":{"unit":"px","size":18,"sizes":[]},"typography_font_weight":"200","align_mobile":"center","typography_font_size_mobile":{"unit":"px","size":17,"sizes":[]},"header_size":"h5","align":"center"},"elements":[],"isInner":false,"widgetType":"heading","elType":"widget"}],"isInner":true,"elType":"column"}],"isInner":true,"elType":"section"},{"id":"32d0f3c7","settings":{"structure":"20","margin":{"unit":"%","top":"-1","right":0,"bottom":"-1","left":0,"isLinked":true},"margin_tablet":{"unit":"%","top":"","right":"","bottom":"","left":"","isLinked":true},"margin_mobile":{"unit":"%","top":"","right":"","bottom":"","left":"","isLinked":true},"shape_divider_bottom":"opacity-tilt","shape_divider_bottom_color":"#00DDFF","shape_divider_bottom_height":{"unit":"px","size":41,"sizes":[]}},"elements":[{"id":"2d158f36","settings":{"_column_size":50,"_inline_size":null,"content_position":"center","align":"center"},"elements":[{"id":"310c5093","settings":{"image":{"id":16,"url":"http:\/\/automacoesmagneticas.com.br\/wp-content\/uploads\/2023\/09\/IMG_3499-scaled-1.jpg"},"_element_width":"initial","_element_custom_width":{"unit":"%","size":67.926},"align":"center"},"elements":[],"isInner":false,"widgetType":"image","elType":"widget"}],"isInner":true,"elType":"column"},{"id":"482dacdd","settings":{"_column_size":50,"_inline_size":null,"content_position":"center","margin":{"unit":"px","top":"50","right":"0","bottom":"50","left":"-100","isLinked":false},"margin_mobile":{"unit":"px","top":"0","right":"0","bottom":"0","left":"0","isLinked":true},"padding":{"unit":"px","top":"0","right":"0","bottom":"0","left":"0","isLinked":false}},"elements":[{"id":"a128ed5","settings":{"background_background":"gradient","background_color":"#00000000","background_color_b":"#00000047","background_gradient_angle":{"unit":"deg","size":90,"sizes":[]},"background_overlay_background":"classic","background_overlay_color":"#000000","background_overlay_opacity":{"unit":"px","size":0,"sizes":[]},"background_overlay_opacity_mobile":{"unit":"px","size":0.6,"sizes":[]},"border_border":"solid","border_width":{"unit":"px","top":"1","right":"1","bottom":"1","left":"1","isLinked":true},"border_color":"#00C3C31C","border_radius":{"unit":"px","top":"10","right":"10","bottom":"10","left":"10","isLinked":true},"margin":{"unit":"px","top":"5","right":0,"bottom":"5","left":0,"isLinked":true},"padding":{"unit":"px","top":"0","right":"10","bottom":"0","left":"120","isLinked":false},"padding_mobile":{"unit":"px","top":"5","right":"10","bottom":"5","left":"10","isLinked":false},"z_index":0,"animation":"fadeInRight","animation_mobile":"fadeInLeft","animation_duration":"slow","__globals__":{"border_color":""}},"elements":[{"id":"baf5c77","settings":{"_column_size":100,"_inline_size":null,"padding":{"unit":"px","top":"0","right":"20","bottom":"0","left":"0","isLinked":false}},"elements":[{"id":"7bb3bc4d","settings":{"title":"Conhe\u00e7a seu Professor:","align":"center","title_color":"#FFFFFF","typography_typography":"custom","typography_font_family":"Sora","typography_font_size":{"unit":"px","size":35,"sizes":[]},"typography_font_weight":"700"},"elements":[],"isInner":false,"widgetType":"heading","elType":"widget"},{"id":"4ee3c9dd","settings":{"title":"Me chamo Mateus Dias e <u>sou especialista em Estrat\u00e9gias e Funis de Vendas para Infoprodutos<\/u>. Atualmente tenho o maior canal de Funil do Brasil, alcan\u00e7ando <b>mais de 59 milh\u00f5es de pessoas em todo o mundo<\/b><br><br>J\u00e1 montei Funis de Vendas para mais de<b> 22 nichos diferentes<\/b> e j\u00e1 faturei multiplos 7 d\u00edgitos pela internet.<br><br>Tamb\u00e9m J\u00e1 Fiz parte do:<br><br><b>*O Novo Mercado<\/b> do \u00cdcaro de Carvalho, <br><b>*Grupo Primo<\/b> do Thiago Nigro, <br><b>*Sexy School<\/b> do Andr\u00e9 Diamand.<br><br>Sei do que estou falando, pois meus funis geram resultados para todos os que aplicam.","title_color":"#FFFFFF","typography_typography":"custom","typography_font_family":"Sora","typography_font_size":{"unit":"px","size":18,"sizes":[]},"typography_font_weight":"200","typography_line_height":{"unit":"em","size":1.25,"sizes":[]},"align_mobile":"center","typography_font_size_mobile":{"unit":"px","size":17,"sizes":[]}},"elements":[],"isInner":false,"widgetType":"heading","elType":"widget"},{"id":"5fdf47bc","settings":{"text":"SIM! QUERO ASSISTIR","button_text_color":"#000000","background_color":"#00DDFF","typography_typography":"custom","typography_font_family":"Sora","typography_font_size":{"unit":"px","size":16,"sizes":[]},"typography_font_weight":"700","typography_text_transform":"uppercase","typography_letter_spacing":{"unit":"px","size":0.8,"sizes":[]},"hover_color":"#FFFFFF","hover_animation":"grow","border_radius":{"unit":"px","top":"8","right":"8","bottom":"8","left":"8","isLinked":true},"button_box_shadow_box_shadow_type":"yes","button_box_shadow_box_shadow":{"horizontal":-5,"vertical":20,"blur":40,"spread":-15,"color":"#00FFF5"},"text_padding":{"unit":"px","top":"20","right":"30","bottom":"20","left":"30","isLinked":false},"__globals__":{"background_color":"","hover_color":""},"align_mobile":"center","_z_index_mobile":2,"__dynamic__":[],"link":{"url":"#cadastro","is_external":"","nofollow":"","custom_attributes":""},"align":"center"},"elements":[],"isInner":false,"widgetType":"button","elType":"widget"}],"isInner":true,"elType":"column"}],"isInner":true,"elType":"section"}],"isInner":true,"elType":"column"}],"isInner":true,"elType":"section"}],"isInner":true,"elType":"column"}],"isInner":true,"elType":"section"}],"isInner":false,"elType":"column"}],"isInner":false,"elType":"section"},{"id":"66fd9188","settings":{"background_background":"classic","background_color":"#00DDFF","box_shadow_box_shadow":{"horizontal":0,"vertical":0,"blur":10,"spread":0,"color":"#FF7315"},"z_index":4,"content_position":"middle"},"elements":[{"id":"1ff4b6ea","settings":{"_column_size":100,"_inline_size":null},"elements":[{"id":"387554be","settings":{"content_position":"middle","structure":"20"},"elements":[{"id":"e6117da","settings":{"_column_size":50,"_inline_size":null},"elements":[{"id":"442eb0e6","settings":{"title":"<b>A Imers\u00e3o come\u00e7a em:<\/b>","title_color":"#000000","typography_typography":"custom","typography_font_family":"Sora","typography_font_size":{"unit":"px","size":22,"sizes":[]},"typography_font_weight":"200","align_mobile":"center","typography_font_size_mobile":{"unit":"px","size":22,"sizes":[]},"align":"center"},"elements":[],"isInner":false,"widgetType":"heading","elType":"widget"}],"isInner":true,"elType":"column"},{"id":"42b09414","settings":{"_column_size":50,"_inline_size":null},"elements":[{"id":"68382f4f","settings":{"evergreen_counter_hours":1,"evergreen_counter_minutes":37,"custom_labels":"yes","label_days":"Dias","label_hours":"Hrs","label_minutes":"Min","label_seconds":"Seg","box_background_color":"#6EC1E400","due_date":"2023-09-20 20:00","digits_color":"#000000","digits_typography_typography":"custom","digits_typography_font_family":"Roboto","digits_typography_font_size":{"unit":"px","size":29,"sizes":[]},"digits_typography_font_weight":"400","label_color":"#000000"},"elements":[],"isInner":false,"widgetType":"countdown","elType":"widget"}],"isInner":true,"elType":"column"}],"isInner":true,"elType":"section"}],"isInner":false,"elType":"column"}],"isInner":false,"elType":"section"},{"id":"5fa18241","settings":{"padding_tablet":{"unit":"px","top":"0","right":"0","bottom":"0","left":"0","isLinked":false},"padding_mobile":{"unit":"px","top":"0","right":"0","bottom":"0","left":"0","isLinked":false},"background_background":"classic","background_color":"#FFFFFF"},"elements":[{"id":"76d9c827","settings":{"_column_size":100,"_inline_size":null},"elements":[{"id":"7dd8c332","settings":[],"elements":[],"isInner":false,"widgetType":"spacer","elType":"widget"},{"id":"68cc042b","settings":{"title":"<b>Voc\u00ea pode querer deixar para depois...<\/b>","align":"center","typography_typography":"custom","typography_font_family":"Montserrat","typography_font_size":{"unit":"px","size":25,"sizes":[]},"typography_font_weight":"400","title_color":"#000000"},"elements":[],"isInner":false,"widgetType":"heading","elType":"widget"},{"id":"5e6edd20","settings":{"title":"<u>Voc\u00ea pode querer deixar para depois,<\/u> ou achar que essa imers\u00e3o n\u00e3o \u00e9 para voc\u00ea, mas me deixe te contar uma coisa.\nOs \u00faltimos 18 contratos que meus alunos fecharam, 15 eram para implementa\u00e7\u00e3o de automa\u00e7\u00f5es usando Manychat <b>(Inclusive contratos milion\u00e1rios).<\/b>\nCom esse conhecimento voc\u00ea vai poder aprender a <u>vender no autom\u00e1tico<\/u> na sua empresa ou implementar para outros neg\u00f3cios e ganhar muito com isso e o melhor de tudo \u00e9 que voc\u00ea n\u00e3o precisa ter conhecimento pr\u00e9vio e nem forma\u00e7\u00e3o na \u00e1rea.\nProfissionais com esse conhecimento s\u00e3o escassos no mercado, possibilitando cobrar muito por cada servi\u00e7o prestado.\n","align":"center","title_color":"#000000","typography_typography":"custom","typography_font_family":"Montserrat","typography_font_size":{"unit":"px","size":18,"sizes":[]},"typography_font_weight":"400"},"elements":[],"isInner":false,"widgetType":"heading","elType":"widget"},{"id":"575219d1","settings":{"title":"<u>Se cadastre <\/u>e venha conhecer a profiss\u00e3o de <b>Gestor de Automa\u00e7\u00e3o<\/b>","align":"center","title_color":"#000000","typography_typography":"custom","typography_font_family":"Montserrat","typography_font_size":{"unit":"px","size":18,"sizes":[]},"typography_font_weight":"400"},"elements":[],"isInner":false,"widgetType":"heading","elType":"widget"},{"id":"2b130dcc","settings":{"text":"SIM! QUERO ASSISTIR","button_text_color":"#000000","background_color":"#00DDFF","typography_typography":"custom","typography_font_family":"Sora","typography_font_size":{"unit":"px","size":16,"sizes":[]},"typography_font_weight":"700","typography_text_transform":"uppercase","typography_letter_spacing":{"unit":"px","size":0.8,"sizes":[]},"hover_color":"#FFFFFF","hover_animation":"grow","border_radius":{"unit":"px","top":"8","right":"8","bottom":"8","left":"8","isLinked":true},"button_box_shadow_box_shadow_type":"yes","button_box_shadow_box_shadow":{"horizontal":-5,"vertical":20,"blur":40,"spread":-15,"color":"#00DDFF"},"text_padding":{"unit":"px","top":"20","right":"30","bottom":"20","left":"30","isLinked":false},"__globals__":{"background_color":"","hover_color":""},"align_mobile":"center","_z_index_mobile":2,"__dynamic__":[],"link":{"url":"#cadastro","is_external":"","nofollow":"","custom_attributes":""},"align":"center"},"elements":[],"isInner":false,"widgetType":"button","elType":"widget"},{"id":"a0ce8f0","settings":[],"elements":[],"isInner":false,"widgetType":"spacer","elType":"widget"}],"isInner":false,"elType":"column"}],"isInner":false,"elType":"section"},{"id":"2410e7bc","settings":{"background_background":"classic","background_color":"#000000"},"elements":[{"id":"307a6f4a","settings":{"_column_size":100,"_inline_size":null},"elements":[{"id":"627116c9","settings":{"editor":"<p>\u201cEsse produto \u00e9 comercializado com apoio da Hotmart. A plataforma n\u00e3o faz controle editorial pr\u00e9vio dos produtos comercializados, nem avalia a tecnicidade e experi\u00eancia daqueles que os produzem. A exist\u00eancia de um produto e sua aquisi\u00e7\u00e3o, por meio da plataforma, n\u00e3o podem ser consideradas como garantia de qualidade de conte\u00fado e resultado, em qualquer hip\u00f3tese. Ao adquiri-lo, o comprador declara estar ciente dessas informa\u00e7\u00f5es. Os termos e pol\u00edticas da Hotmart podem ser acessados aqui, antes mesmo da conclus\u00e3o da compra.\"<\/p>","align":"center","typography_typography":"custom","typography_font_family":"Montserrat","typography_font_size":{"unit":"px","size":11,"sizes":[]},"typography_font_weight":"400","typography_line_height":{"unit":"px","size":11,"sizes":[]}},"elements":[],"isInner":false,"widgetType":"text-editor","elType":"widget"}],"isInner":false,"elType":"column"}],"isInner":false,"elType":"section"}],"page_settings":{"hide_title":"yes","background_background":"classic","background_color":"#020407","ha_grid_zindex":"1000","ha_grid_number":""},"version":"0.4","title":"modelo-youtube-captura","type":"page"}