{"content":[{"id":"1423894d","settings":{"background_background":"classic","background_color":"#00DDFF","box_shadow_box_shadow":{"horizontal":0,"vertical":0,"blur":10,"spread":0,"color":"#FF7315"},"z_index":4},"elements":[{"id":"648f3762","settings":{"_column_size":100,"_inline_size":null},"elements":[{"id":"49bbb200","settings":{"title":"<b>ETAPA 2\/3<\/b><b> - N\u00e3o feche ou recarregue esta p\u00e1gina!<\/b>","title_color":"#FFFFFF","typography_typography":"custom","typography_font_family":"Sora","typography_font_size":{"unit":"px","size":22,"sizes":[]},"typography_font_weight":"200","align_mobile":"center","typography_font_size_mobile":{"unit":"px","size":17,"sizes":[]},"align":"center"},"elements":[],"isInner":false,"widgetType":"heading","elType":"widget"}],"isInner":false,"elType":"column"}],"isInner":false,"elType":"section"},{"id":"5081ca9a","settings":{"custom_height":{"unit":"vh","size":33,"sizes":[]},"custom_height_tablet":{"unit":"em","size":"","sizes":[]},"custom_height_mobile":{"unit":"em","size":0,"sizes":[]},"layout":"full_width","overflow":"hidden","background_background":"classic","background_image":{"id":1323,"url":"https:\/\/lp.ltvinsider.com.br\/wp-content\/uploads\/2023\/08\/bg-1-1.jpg","alt":"","source":"library","size":""},"background_position":"top center","background_attachment":"scroll","background_repeat":"no-repeat","background_size":"cover","background_overlay_background":"classic","background_overlay_image":{"id":460,"url":"https:\/\/lp.ltvinsider.com.br\/wp-content\/uploads\/2023\/08\/BGOVERLAY.png"},"background_overlay_position":"bottom center","background_overlay_attachment":"scroll","background_overlay_repeat":"no-repeat","background_overlay_size":"initial","background_overlay_opacity":{"unit":"px","size":1,"sizes":[]},"padding_mobile":{"unit":"px","top":"20","right":"0","bottom":"30","left":"0","isLinked":false},"background_overlay_color_stop":{"unit":"%","size":11,"sizes":[]},"background_overlay_color_b":"#000000","background_overlay_color_b_stop":{"unit":"%","size":26,"sizes":[]},"background_image_mobile":{"url":"","id":"","size":"","alt":"","source":"library"},"margin":{"unit":"px","top":"0","right":0,"bottom":"0","left":0,"isLinked":false},"padding":{"unit":"px","top":"0","right":"0","bottom":"0","left":"0","isLinked":false}},"elements":[{"id":"6eafbfdb","settings":{"_column_size":100,"_inline_size":null,"padding":{"unit":"px","top":"0","right":"0","bottom":"0","left":"0","isLinked":true},"margin":{"unit":"px","top":"0","right":"0","bottom":"0","left":"0","isLinked":true},"align":"center"},"elements":[{"id":"907c8ac","settings":{"margin":{"unit":"%","top":"3","right":0,"bottom":"3","left":0,"isLinked":false},"height_inner":"min-height","custom_height_inner":{"unit":"vh","size":70,"sizes":[]},"custom_height_inner_tablet":{"unit":"vh","size":"","sizes":[]},"custom_height_inner_mobile":{"unit":"vh","size":"","sizes":[]},"margin_tablet":{"unit":"%","top":"","right":"","bottom":"","left":"","isLinked":true},"margin_mobile":{"unit":"%","top":"0","right":0,"bottom":"0","left":0,"isLinked":true},"padding_mobile":{"unit":"px","top":"0","right":"10","bottom":"10","left":"10","isLinked":false},"reverse_order_mobile":"reverse-mobile","_element_id":"cadastro"},"elements":[{"id":"7afcf1f0","settings":{"_column_size":100,"_inline_size":null,"content_position":"center","z_index_mobile":2,"border_radius":{"unit":"px","top":"20","right":"20","bottom":"20","left":"20","isLinked":true},"margin_mobile":{"unit":"px","top":"0","right":"0","bottom":"0","left":"0","isLinked":false},"padding":{"unit":"px","top":"0","right":"25","bottom":"0","left":"25","isLinked":false},"padding_mobile":{"unit":"px","top":"0","right":"0","bottom":"0","left":"0","isLinked":false},"align":"center"},"elements":[{"id":"4cf6588d","settings":{"title":"<b>IMPORTANTE: Sua inscri\u00e7\u00e3o foi confirmada <span style=\"   color: #00DDFF; \n\">mas preciso da sua aten\u00e7\u00e3o!<\/span> <\/b>","title_color":"#FFFFFF","typography_typography":"custom","typography_font_family":"Sora","typography_font_size":{"unit":"px","size":36,"sizes":[]},"typography_font_weight":"200","align_mobile":"center","typography_font_size_mobile":{"unit":"px","size":24,"sizes":[]},"align":"center"},"elements":[],"isInner":false,"widgetType":"heading","elType":"widget"},{"id":"145ff996","settings":{"youtube_url":"https:\/\/www.youtube.com\/watch?v=vnirEkk-MH4&ab_channel=MateusDias%7CFunildeVendas","vimeo_url":"https:\/\/vimeo.com\/235215203","dailymotion_url":"https:\/\/www.dailymotion.com\/video\/x6tqhqb"},"elements":[],"isInner":false,"widgetType":"video","elType":"widget"},{"id":"7970db33","settings":{"title":"Antes de fechar essa p\u00e1gina, saiba que  <b>mais de 8.000 pessoas gostariam de ter essa chance que voc\u00ea est\u00e1 tendo<\/b> veja o v\u00eddeo abaixo e entenda melhor...","title_color":"#FFFFFF","typography_typography":"custom","typography_font_family":"Sora","typography_font_size":{"unit":"px","size":18,"sizes":[]},"typography_font_weight":"400","typography_line_height":{"unit":"em","size":1.25,"sizes":[]},"align_mobile":"center","typography_font_size_mobile":{"unit":"px","size":12,"sizes":[]},"align":"center"},"elements":[],"isInner":false,"widgetType":"heading","elType":"widget"},{"id":"7a4670ff","settings":[],"elements":[],"isInner":false,"widgetType":"spacer","elType":"widget"},{"id":"733291b3","settings":{"text":"SIM! QUERO FAZER PARTE DO M\u00c9TODO LTV","button_text_color":"#FFFFFF","background_color":"#00DDFF","typography_typography":"custom","typography_font_family":"Sora","typography_font_size":{"unit":"px","size":13,"sizes":[]},"typography_font_weight":"700","typography_text_transform":"uppercase","typography_letter_spacing":{"unit":"px","size":0.8,"sizes":[]},"hover_color":"#FFFFFF","hover_animation":"grow","border_radius":{"unit":"px","top":"8","right":"8","bottom":"8","left":"8","isLinked":true},"button_box_shadow_box_shadow_type":"yes","button_box_shadow_box_shadow":{"horizontal":-5,"vertical":20,"blur":40,"spread":-15,"color":"#00DDFF"},"text_padding":{"unit":"px","top":"20","right":"30","bottom":"20","left":"30","isLinked":false},"__globals__":{"background_color":"","hover_color":""},"align_mobile":"center","_z_index_mobile":2,"__dynamic__":[],"link":{"url":"https:\/\/payment.ticto.app\/O64A413C0?utm_source=upsell#1&utm_medium=button#1","is_external":"","nofollow":"","custom_attributes":""},"align":"center","_css_classes":"esconder"},"elements":[],"isInner":false,"widgetType":"button","elType":"widget"}],"isInner":true,"elType":"column"}],"isInner":true,"elType":"section"}],"isInner":false,"elType":"column"}],"isInner":false,"elType":"section"},{"id":"5e227e5e","settings":{"background_background":"classic","background_color":"#FF7315","box_shadow_box_shadow_type":"yes","box_shadow_box_shadow":{"horizontal":0,"vertical":0,"blur":10,"spread":0,"color":"#FF7315"},"z_index":4,"content_position":"middle","structure":"20","css_classes":"esconder"},"elements":[{"id":"76151d65","settings":{"_column_size":50,"_inline_size":null},"elements":[{"id":"2fb21536","settings":{"title":"<b>Oferta V\u00e1lida Por<\/b>","title_color":"#000000","typography_typography":"custom","typography_font_family":"Sora","typography_font_size":{"unit":"px","size":22,"sizes":[]},"typography_font_weight":"200","align_mobile":"center","typography_font_size_mobile":{"unit":"px","size":22,"sizes":[]},"align":"center"},"elements":[],"isInner":false,"widgetType":"heading","elType":"widget"}],"isInner":false,"elType":"column"},{"id":"419231e3","settings":{"_column_size":50,"_inline_size":null},"elements":[{"id":"33c51e6e","settings":{"evergreen_counter_hours":0,"evergreen_counter_minutes":30,"custom_labels":"yes","label_days":"Dias","label_hours":"Hrs","label_minutes":"Min","label_seconds":"Seg","box_background_color":"#6EC1E400","due_date":"2023-09-21 10:40","digits_color":"#000000","digits_typography_typography":"custom","digits_typography_font_family":"Roboto","digits_typography_font_size":{"unit":"px","size":29,"sizes":[]},"digits_typography_font_weight":"400","label_color":"#000000","countdown_type":"evergreen","show_days":"","digits_typography_font_size_mobile":{"unit":"px","size":24,"sizes":[]},"label_typography_typography":"custom","label_typography_font_family":"Sora","label_typography_font_size":{"unit":"rem","size":1.5,"sizes":[]},"label_typography_font_size_mobile":{"unit":"px","size":16,"sizes":[]},"label_typography_font_weight":"400"},"elements":[],"isInner":false,"widgetType":"countdown","elType":"widget"}],"isInner":false,"elType":"column"}],"isInner":false,"elType":"section"},{"id":"adb428f","settings":{"padding":{"unit":"px","top":"30","right":"0","bottom":"30","left":"0","isLinked":false},"background_background":"classic","background_color":"#000000","background_color_b":"#863300","background_gradient_angle":{"unit":"deg","size":270,"sizes":[]},"css_classes":"esconder"},"elements":[{"id":"48c10b96","settings":{"_column_size":100,"_inline_size":null},"elements":[{"id":"545532b9","settings":{"layout":"full_width","margin":{"unit":"%","top":"0","right":0,"bottom":"5","left":0,"isLinked":false},"margin_tablet":{"unit":"%","top":"","right":"","bottom":"","left":"","isLinked":true},"margin_mobile":{"unit":"%","top":"0","right":0,"bottom":"0","left":0,"isLinked":true}},"elements":[{"id":"1bfaf164","settings":{"_column_size":100,"_inline_size":null,"padding_mobile":{"unit":"px","top":"0","right":"0","bottom":"0","left":"0","isLinked":true}},"elements":[{"id":"fff3acf","settings":{"title":"PRONTO?","align":"left","align_mobile":"center","title_color":"#00000000","typography_typography":"custom","typography_font_family":"Poppins","typography_font_size":{"unit":"px","size":120,"sizes":[]},"typography_font_size_mobile":{"unit":"px","size":80,"sizes":[]},"typography_font_weight":"700","typography_text_transform":"uppercase","text_stroke_text_stroke_type":"yes","text_stroke_text_stroke":{"unit":"px","size":0.5,"sizes":[]},"text_stroke_stroke_color":"#00C3C33D","_margin":{"unit":"px","top":"0","right":"0","bottom":"-100","left":"0","isLinked":false},"_margin_mobile":{"unit":"px","top":"0","right":"10","bottom":"-80","left":"10","isLinked":false},"_animation":"fadeInLeft","animation_duration":"slow","__globals__":{"text_stroke_stroke_color":""}},"elements":[],"isInner":false,"widgetType":"heading","elType":"widget"},{"id":"659fc105","settings":{"margin":{"unit":"%","top":"0","right":0,"bottom":"5","left":0,"isLinked":false},"margin_tablet":{"unit":"%","top":"","right":"","bottom":"","left":"","isLinked":true},"margin_mobile":{"unit":"%","top":"0","right":0,"bottom":"0","left":0,"isLinked":true}},"elements":[{"id":"7ba8bbcc","settings":{"_column_size":100,"_inline_size":null,"border_border":"solid","border_width":{"unit":"px","top":"1","right":"1","bottom":"1","left":"1","isLinked":true},"border_radius":{"unit":"px","top":"16","right":"16","bottom":"16","left":"16","isLinked":true},"padding":{"unit":"px","top":"25","right":"15","bottom":"25","left":"15","isLinked":false},"custom_css":"selector{\n    \/* From https:\/\/css.glass *\/\nbackground: rgba(0, 0, 0, 0.2);\nborder-radius: 16px;\nbox-shadow: 0 4px 30px rgba(0, 0, 0, 0.1);\nbackdrop-filter: blur(8.6px);\n-webkit-backdrop-filter: blur(8.6px);\nborder: 1px solid rgba(0, 0, 0, 0.3);\n}","__globals__":{"border_color":""},"animation":"fadeInUp","animation_mobile":"fadeInLeft","animation_duration":"slow","align":"center","background_background":"classic","border_color":"#00DDFF"},"elements":[{"id":"6802cda0","settings":{"title":"<span style=\"font-weight: 400;\">Fa\u00e7a parte do <\/span>XXXXXXXX","align":"center","title_color":"#FFFFFF","typography_typography":"custom","typography_font_family":"Montserrat","typography_font_weight":"600","_margin":{"unit":"px","top":"-27","right":"-15","bottom":"0","left":"-15","isLinked":false},"_padding":{"unit":"px","top":"35","right":"30","bottom":"30","left":"30","isLinked":false},"_background_background":"classic","_background_color":"#00DDFF","_border_radius":{"unit":"px","top":"16","right":"16","bottom":"0","left":"0","isLinked":false},"__globals__":{"_background_color":""},"typography_font_size_mobile":{"unit":"px","size":25,"sizes":[]}},"elements":[],"isInner":false,"widgetType":"heading","elType":"widget"},{"id":"2e3c270e","settings":{"title":"<b>Restam menos de 18 vagas<\/b>","align":"center","title_color":"#FFFFFF","typography_typography":"custom","typography_font_family":"Montserrat","typography_font_weight":"400","_margin":{"unit":"px","top":"-27","right":"-15","bottom":"0","left":"-15","isLinked":false},"_padding":{"unit":"px","top":"0","right":"30","bottom":"15","left":"30","isLinked":false},"_background_background":"classic","_background_color":"#00DDFF","_border_radius":{"unit":"px","top":"16","right":"16","bottom":"0","left":"0","isLinked":false},"__globals__":{"_background_color":""},"typography_font_size":{"unit":"px","size":24,"sizes":[]},"typography_font_size_mobile":{"unit":"px","size":14,"sizes":[]}},"elements":[],"isInner":false,"widgetType":"heading","elType":"widget"},{"id":"440822f3","settings":{"space":{"unit":"px","size":5,"sizes":[]}},"elements":[],"isInner":false,"widgetType":"spacer","elType":"widget"},{"id":"25e5d9de","settings":{"style":"dashed","width":{"unit":"px","size":100,"sizes":[]},"width_tablet":{"unit":"px","size":"","sizes":[]},"width_mobile":{"unit":"px","size":"","sizes":[]},"align":"center","text":"Divisor","gap":{"unit":"px","size":10,"sizes":[]},"__globals__":{"color":""},"color":"#FF731559"},"elements":[],"isInner":false,"widgetType":"divider","elType":"widget"},{"id":"e01cb5d","settings":{"title":"<b>*AXXXXXXXXXXXX<br><br><b>*XXXXXXXXX<\/b><br><br><b>*<u>XXXXXXXXXX<\/u><\/b><br><br><b>*XXXXXXXXXX<\/b><br><br><b>*<\/b>PXXXXXXXX<b>M.<br><\/b><br><b><\/b><\/b>","title_color":"#FFFFFF","typography_typography":"custom","typography_font_family":"Sora","typography_font_size":{"unit":"px","size":20,"sizes":[]},"typography_font_weight":"200","typography_line_height":{"unit":"em","size":1.25,"sizes":[]},"align":"left","typography_font_size_mobile":{"unit":"px","size":13,"sizes":[]},"_element_width":"initial","_element_custom_width":{"unit":"%","size":60,"sizes":[]},"_element_custom_width_mobile":{"unit":"%","size":100,"sizes":[]}},"elements":[],"isInner":false,"widgetType":"heading","elType":"widget"},{"id":"81806d3","settings":[],"elements":[],"isInner":false,"widgetType":"spacer","elType":"widget"},{"id":"5a29cdd","settings":{"title":"<b>Tenha acesso a tudo isso por apenas:<\/b>","title_color":"#FFFFFF","typography_typography":"custom","typography_font_family":"Sora","typography_font_size":{"unit":"px","size":20,"sizes":[]},"typography_font_weight":"200","typography_line_height":{"unit":"em","size":1.25,"sizes":[]},"align":"center","typography_font_size_mobile":{"unit":"px","size":13,"sizes":[]},"_element_width":"initial","_element_custom_width":{"unit":"%","size":60,"sizes":[]},"_element_custom_width_mobile":{"unit":"%","size":100,"sizes":[]}},"elements":[],"isInner":false,"widgetType":"heading","elType":"widget"},{"id":"fda042d","settings":{"title":"<b>&gt;&gt; R$1997 &lt;&lt;<\/b>","title_color":"#FFFFFF","typography_typography":"custom","typography_font_family":"Sora","typography_font_size":{"unit":"px","size":96,"sizes":[]},"typography_font_weight":"200","typography_line_height":{"unit":"em","size":1.25,"sizes":[]},"align":"center","typography_font_size_mobile":{"unit":"px","size":38,"sizes":[]},"_element_width":"initial","_element_custom_width":{"unit":"%","size":60,"sizes":[]},"_element_custom_width_mobile":{"unit":"%","size":100,"sizes":[]}},"elements":[],"isInner":false,"widgetType":"heading","elType":"widget"},{"id":"619c848f","settings":{"title":"\u00c0 Vista via PIX ou Cart\u00e3o de Cr\u00e9dito","title_color":"#FFFFFF","typography_typography":"custom","typography_font_family":"Sora","typography_font_size":{"unit":"px","size":20,"sizes":[]},"typography_font_weight":"200","typography_line_height":{"unit":"em","size":1.25,"sizes":[]},"align":"center","typography_font_size_mobile":{"unit":"px","size":13,"sizes":[]},"_element_width":"initial","_element_custom_width":{"unit":"%","size":60,"sizes":[]},"_element_custom_width_mobile":{"unit":"%","size":100,"sizes":[]}},"elements":[],"isInner":false,"widgetType":"heading","elType":"widget"},{"id":"55b41291","settings":[],"elements":[],"isInner":false,"widgetType":"spacer","elType":"widget"},{"id":"45f32f99","settings":{"text":"SIM! QUERO FAZER O UPGRADE","button_text_color":"#FFFFFF","background_color":"#00DDFF","typography_typography":"custom","typography_font_family":"Sora","typography_font_size":{"unit":"px","size":13,"sizes":[]},"typography_font_weight":"700","typography_text_transform":"uppercase","typography_letter_spacing":{"unit":"px","size":0.8,"sizes":[]},"hover_color":"#FFFFFF","hover_animation":"grow","border_radius":{"unit":"px","top":"8","right":"8","bottom":"8","left":"8","isLinked":true},"button_box_shadow_box_shadow_type":"yes","button_box_shadow_box_shadow":{"horizontal":-5,"vertical":20,"blur":40,"spread":-15,"color":"#00DDFF"},"text_padding":{"unit":"px","top":"20","right":"30","bottom":"20","left":"30","isLinked":false},"__globals__":{"background_color":"","hover_color":""},"align_mobile":"center","_z_index_mobile":2,"__dynamic__":[],"link":{"url":"https:\/\/payment.ticto.app\/O64A413C0?utm_source=upsell#1&utm_medium=button#2","is_external":"","nofollow":"","custom_attributes":""},"align":"center"},"elements":[],"isInner":false,"widgetType":"button","elType":"widget"},{"id":"7a0d2f95","settings":[],"elements":[],"isInner":false,"widgetType":"spacer","elType":"widget"}],"isInner":true,"elType":"column"}],"isInner":true,"elType":"section"}],"isInner":true,"elType":"column"}],"isInner":true,"elType":"section"},{"id":"54ed784c","settings":{"title":"Esse valor \u00e9 exclusivo para esta p\u00e1gina. Se voc\u00ea recarregar ou fechar, essa oferta se encerrar\u00e1...","align":"center","title_color":"#FFFFFF","typography_typography":"custom","typography_font_family":"Montserrat","typography_font_size":{"unit":"px","size":22,"sizes":[]},"typography_font_weight":"600"},"elements":[],"isInner":false,"widgetType":"heading","elType":"widget"}],"isInner":false,"elType":"column"}],"isInner":false,"elType":"section"},{"id":"16234f0a","settings":{"padding_tablet":{"unit":"px","top":"0","right":"0","bottom":"0","left":"0","isLinked":false},"padding_mobile":{"unit":"px","top":"0","right":"0","bottom":"0","left":"0","isLinked":false},"background_background":"classic","background_color":"#FFFFFF","css_classes":"esconder"},"elements":[{"id":"5784517","settings":{"_column_size":100,"_inline_size":null},"elements":[{"id":"43cb340e","settings":[],"elements":[],"isInner":false,"widgetType":"spacer","elType":"widget"},{"id":"477249c3","settings":{"title":"<b>Descri\u00e7\u00e3o<\/b>","align":"center","typography_typography":"custom","typography_font_family":"Montserrat","typography_font_size":{"unit":"px","size":25,"sizes":[]},"typography_font_weight":"400","title_color":"#000000"},"elements":[],"isInner":false,"widgetType":"heading","elType":"widget"},{"id":"130aca24","settings":{"title":"Gatilhos mentais","align":"center","title_color":"#000000","typography_typography":"custom","typography_font_family":"Montserrat","typography_font_size":{"unit":"px","size":25,"sizes":[]},"typography_font_weight":"400"},"elements":[],"isInner":false,"widgetType":"heading","elType":"widget"},{"id":"1a0bb177","settings":{"title":"Texto aqui","align":"center","title_color":"#000000","typography_typography":"custom","typography_font_family":"Montserrat","typography_font_size":{"unit":"px","size":18,"sizes":[]},"typography_font_weight":"400"},"elements":[],"isInner":false,"widgetType":"heading","elType":"widget"},{"id":"531ceb87","settings":{"title":"N\u00e3o deixe para depois","align":"center","title_color":"#000000","typography_typography":"custom","typography_font_family":"Montserrat","typography_font_size":{"unit":"px","size":18,"sizes":[]},"typography_font_weight":"400"},"elements":[],"isInner":false,"widgetType":"heading","elType":"widget"},{"id":"24eb5071","settings":{"text":"SIM! EU QUERO ISSO","button_text_color":"#FFFFFF","background_color":"#FF7315","typography_typography":"custom","typography_font_family":"Sora","typography_font_size":{"unit":"px","size":13,"sizes":[]},"typography_font_weight":"700","typography_text_transform":"uppercase","typography_letter_spacing":{"unit":"px","size":0.8,"sizes":[]},"hover_color":"#FFFFFF","hover_animation":"grow","border_radius":{"unit":"px","top":"8","right":"8","bottom":"8","left":"8","isLinked":true},"button_box_shadow_box_shadow_type":"yes","button_box_shadow_box_shadow":{"horizontal":-5,"vertical":20,"blur":40,"spread":-15,"color":"rgba(253, 78, 61.00000000000004, 0.8)"},"text_padding":{"unit":"px","top":"20","right":"30","bottom":"20","left":"30","isLinked":false},"__globals__":{"background_color":"","hover_color":""},"align_mobile":"center","_z_index_mobile":2,"__dynamic__":[],"link":{"url":"https:\/\/payment.ticto.app\/O64A413C0?utm_source=upsell#1&utm_medium=button#3","is_external":"","nofollow":"","custom_attributes":""},"align":"center"},"elements":[],"isInner":false,"widgetType":"button","elType":"widget"},{"id":"e94a334","settings":[],"elements":[],"isInner":false,"widgetType":"spacer","elType":"widget"}],"isInner":false,"elType":"column"}],"isInner":false,"elType":"section"}],"page_settings":{"hide_title":"yes","background_background":"classic","background_color":"#020407","ha_grid_zindex":"1000","ha_grid_number":""},"version":"0.4","title":"modelo-youtube-obrigado","type":"page"}